mode,policy,answered,n,mean_l2_error,median_l2_error,rmse,mean_d_error,median_d_error,mean_trace,mean_logdet,mean_variance_dim_1,mean_variance_dim_2,mean_variance_dim_3,mean_variance_dim_4,mean_variance_dim_5,mean_variance_dim_6,mean_variance_reduction_dim_1,mean_variance_reduction_dim_2,mean_variance_reduction_dim_3,mean_variance_reduction_dim_4,mean_variance_reduction_dim_5,mean_variance_reduction_dim_6,mean_variance_step_reduction_dim_1,mean_variance_step_reduction_dim_2,mean_variance_step_reduction_dim_3,mean_variance_step_reduction_dim_4,mean_variance_step_reduction_dim_5,mean_variance_step_reduction_dim_6
available,fixed,0,500,2.7833272196448986,2.8496257706440167,2.834894859623717,1.0,1.0,6.0,0.0,1.0,1.0,1.0,1.0,1.0,1.0,0.0,0.0,0.0,0.0,0.0,0.0,0.0,0.0,0.0,0.0,0.0,0.0
available,fixed,1,500,2.654260285601467,2.690943799863012,2.7105082493246297,0.9109996539043779,0.9227441290789531,5.573457150126715,-0.5599213025723301,0.99226826592617,0.991464378240469,0.7994000053062209,0.9946179280864735,0.8596568620900238,0.9360497104773602,0.007731734073833416,0.008535621759536286,0.20059999469377343,0.005382071913528808,0.14034313790997427,0.06395028952263924,0.007731734073833416,0.008535621759536286,0.20059999469377343,0.005382071913528808,0.14034313790997427,0.06395028952263924
available,fixed,2,448,2.5172346751734698,2.548698214318211,2.5785000608528907,0.8295024822611895,0.8282170394705799,5.146105639670911,-1.1229433513765574,0.8461097186460396,0.9177786924374731,0.7641872541856461,0.8616389845437995,0.8209598142201042,0.9354311756378507,0.15389028135396263,0.08222130756252595,0.23581274581435427,0.13836101545620208,0.1790401857798963,0.06456882436214834,0.14614292588975558,0.07366844021767711,0.03480745383590079,0.13296806946894407,0.03841349505724612,0.0004893280629209226
available,fixed,3,398,2.3818223954042788,2.3923686633365273,2.444447008895232,0.760615405618366,0.7664033572452909,4.760908530945036,-1.6436912752181674,0.5954536610087091,0.9160521791726094,0.7086688737659539,0.8257699551740747,0.7803680256667461,0.9345958361569395,0.40454633899129067,0.08394782082739065,0.2913311262340463,0.17423004482592339,0.219631974333253,0.06540416384306043,0.25104332161419496,0.001926715897563717,0.05635090244361335,0.03619732896696514,0.04124824953487794,0.001085483369790433
available,fixed,4,398,2.2528289538687276,2.2381696214606146,2.3156717137059606,0.6958773536062292,0.6935381357479659,4.363117698578332,-2.1781141563167545,0.592185150592759,0.7903381141802909,0.6950757201557519,0.6208754010019804,0.737879340271526,0.9267639723760229,0.4078148494072411,0.20966188581970915,0.3049242798442486,0.3791245989980205,0.2621206597284733,0.07323602762397574,0.0032685104159504157,0.12571406499231866,0.013593153610202545,0.20489455417209665,0.04248868539522049,0.007831863780915218
available,fixed,5,363,2.19404630340835,2.158250430578817,2.259321951726907,0.651898848289926,0.6535478129416724,4.146606476947513,-2.5701771639365787,0.5293039141606415,0.7869446301593017,0.6348662461995564,0.5663315676914613,0.7138043273206403,0.915355791415912,0.47069608583935835,0.21305536984069845,0.3651337538004433,0.4336684323085389,0.2861956726793602,0.08464420858408868,0.06229738406033132,0.0034464271850965186,0.0602994748150989,0.05452016717866076,0.024161683602168846,0.011492788148330059
available,fixed,6,363,2.1387302773671664,2.135323117392941,2.2063086188684267,0.615825044077011,0.6133159241000843,3.961162700431676,-2.9122450641437116,0.45052255699002386,0.7844099738708026,0.6197603155057209,0.5437645796343006,0.7097285430868254,0.8529767313440032,0.5494774430099758,0.21559002612919664,0.3802396844942794,0.4562354203656996,0.2902714569131755,0.14702326865599635,0.07878135717061864,0.002534656288498315,0.015105930693836169,0.022566988057160925,0.004075784233815019,0.062379060071907626
available,fixed,7,363,2.091648746870679,2.0789436724511554,2.160130771876823,0.5815210982369039,0.5796417780530742,3.7948867861720323,-3.256384854952525,0.44533240709182315,0.7830566011549196,0.6164963821504319,0.5174203286230924,0.6587105241288046,0.7738705430229608,0.5546675929081771,0.2169433988450804,0.3835036178495678,0.4825796713769077,0.34128947587119524,0.22612945697703946,0.005190149898199664,0.0013533727158835168,0.0032639333552881497,0.02634425101120819,0.05101801895802025,0.07910618832104319
available,fixed,8,363,1.9914945623902929,1.959153203975734,2.061026894216468,0.5368821348093334,0.5353590672798819,3.4611823996593505,-3.736689507803976,0.4292144551404086,0.763715084138469,0.6151559286946016,0.5122818434345068,0.5455947066734032,0.5952203815779609,0.5707855448595914,0.23628491586153114,0.38484407130539794,0.48771815656549306,0.4544052933265969,0.40477961842203924,0.016117951951414813,0.019341517016450673,0.001340453455830408,0.005138485188585301,0.1131158174554012,0.1786501614449994
available,fixed,9,363,1.9569054844939764,1.9123489773834397,2.027293750657803,0.5149776639292869,0.5123178659654999,3.3538837626425,-3.9872298874599723,0.418742209437961,0.712664990608152,0.6039395173490922,0.48709843834178135,0.5451532400941967,0.5862853668113174,0.5812577905620385,0.2873350093918482,0.39606048265090765,0.5129015616582185,0.4548467599058035,0.41371463318868246,0.01047224570244771,0.05105009353031726,0.01121641134550952,0.025183405092725476,0.00044146657920646264,0.008935014766643786
available,fixed,10,363,1.8958843134527175,1.859015858638053,1.9646795920099978,0.48830494645893957,0.48441856206599787,3.186812199305302,-4.306970682174006,0.38514388357679114,0.6734729952860553,0.5912939505389888,0.4857322364065681,0.49283554397769697,0.5583335895192003,0.6148561164232089,0.32652700471394414,0.408706049461011,0.514267763593432,0.5071644560223032,0.44166641048079996,0.033598325861169745,0.03919199532209594,0.012645566810103264,0.0013662019352131873,0.05231769611649987,0.027951777292116897
available,fixed,11,363,1.821488896124378,1.7694045159012886,1.8908524781346185,0.46010194825597023,0.45671411733854494,3.0034587542536655,-4.664323531579261,0.38308840106864556,0.6385239014530932,0.4733095971597552,0.4632491051904697,0.48967183913631335,0.555615910245388,0.6169115989313545,0.3614760985469074,0.5266904028402448,0.5367508948095304,0.5103281608636865,0.44438408975461224,0.0020554825081456713,0.03494909383296295,0.11798435337923402,0.022483131216098507,0.003163704841383699,0.002717679273811745
available,fixed,12,326,1.763946452231797,1.7127933856301474,1.8296723533523511,0.4422213533311132,0.4388713274554302,2.895152627118722,-4.902916948426471,0.38381732053372997,0.6044166291533218,0.45605970904288884,0.41103971462950156,0.4898219084966508,0.5499973452626287,0.6161826794662698,0.39558337084667816,0.5439402909571112,0.5889602853704984,0.5101780915033493,0.45000265473737117,0.00011854541707847969,0.03423737393429202,0.017029701181260848,0.052688723379640194,8.286645419995826e-05,0.005751308524299845
available,fixed,13,326,1.7304882542968443,1.69402075866072,1.7959685335186222,0.4232579712230155,0.4192197569748468,2.7931237634320167,-5.166193708910923,0.38170054565947326,0.5896984674731425,0.41791176035478816,0.38890033321076556,0.47815451724160796,0.536758139492239,0.6182994543405267,0.4103015325268574,0.5820882396452114,0.6110996667892348,0.5218454827583923,0.46324186050776106,0.0021167748742571997,0.014718161680179158,0.0381479486881005,0.02213938141873611,0.011667391255042861,0.013239205770389274
available,fixed,14,326,1.633211715485972,1.5870826632812116,1.701510539371019,0.39792915445764204,0.3947375309781142,2.5891135600890367,-5.536385696032212,0.37487876512248053,0.45379165940785315,0.40394422998292306,0.38251251294238825,0.47752780973967496,0.49645858289371675,0.6251212348775199,0.546208340592147,0.5960557700170763,0.617487487057612,0.5224721902603252,0.5035414171062831,0.006821780536992446,0.1359068080652895,0.013967530371865343,0.006387820268377292,0.0006267075019333434,0.04029955659852236
available,fixed,15,326,1.5871189827911827,1.5762514938591998,1.6538459927086568,0.3808163073418696,0.3773074334441435,2.4797310802589267,-5.800535497590545,0.3524011503245252,0.43598051503508467,0.40189771455018614,0.3796209606377079,0.4739024596000126,0.4359282801114104,0.6475988496754752,0.5640194849649156,0.5981022854498137,0.6203790393622927,0.5260975403999875,0.5640717198885896,0.022477614797955507,0.017811144372768508,0.002046515432736568,0.0028915523046803954,0.0036253501396620075,0.06053030278230649
available,fixed,16,293,1.5340227909660613,1.5388005998541716,1.59973593292485,0.3617804253123488,0.358904890122011,2.3341565166170968,-6.108755150177893,0.3289499329318734,0.37503923804226047,0.4007467505334282,0.3611472067778926,0.4686961524742431,0.39957723585739857,0.6710500670681266,0.6249607619577394,0.5992532494665715,0.6388527932221069,0.5313038475257573,0.6004227641426019,0.023918127293309287,0.06115434008166578,0.001676829394709872,0.018710312051497268,0.006028654581006719,0.03735280665247262
available,fixed,17,293,1.4891198217709276,1.483338287234788,1.5518654430308085,0.3455440261919612,0.3426195374833082,2.219238652502202,-6.3845445087228905,0.3274471858437984,0.3588171808137894,0.36322538353104067,0.3350425300021352,0.4682212929350148,0.3664850793764233,0.672552814156201,0.6411828191862103,0.6367746164689592,0.6649574699978652,0.531778707064985,0.6335149206235767,0.0015027470880746663,0.01622205722847094,0.03752136700238806,0.026104676775757757,0.0004748595392280966,0.033092156480975396
available,fixed,18,257,1.4385184437649816,1.4305854872964234,1.5029054155723638,0.3308100493859838,0.32925537236587027,2.1222700826712737,-6.645806432695592,0.32267093244403827,0.33889533522578563,0.3548775915890659,0.2983822614796839,0.44836888978355904,0.35907507214914164,0.677329067555962,0.661104664774215,0.6451224084109343,0.7016177385203158,0.5516311102164411,0.6409249278508582,0.004571737259652884,0.02011661037632998,0.00835446841870437,0.0363099123150202,0.019793742950450884,0.00794729256547578
available,fixed,19,257,1.4035146338111852,1.4133928716533026,1.46373947245071,0.31911952586757625,0.3159772974216955,2.0493708548989056,-6.862142844136439,0.26629030512187035,0.332157983620507,0.35297926171382754,0.29306584992842716,0.448307444206217,0.3565700103080558,0.7337096948781299,0.6678420163794935,0.6470207382861726,0.7069341500715726,0.5516925557937827,0.643429989691944,0.05638062732216793,0.006737351605278458,0.0018983298752381825,0.005316411551256611,6.144557734188291e-05,0.002505061841085704
available,fixed,20,226,1.3813642230330754,1.3704480216546817,1.4426311638339089,0.30743335117170045,0.3056783594233289,1.977166473450647,-7.085427833849855,0.26166970796098615,0.3280376234227019,0.33518037688362584,0.28531786586998936,0.4259598612690226,0.34100103804432136,0.7383302920390135,0.6719623765772981,0.6648196231163739,0.7146821341300107,0.5740401387309776,0.6589989619556791,0.0041909942487445935,0.0036083650983418803,0.018449187355909835,0.007700333413988281,0.022313148648506767,0.015103933264486653
carried,fixed,0,500,2.7833272196448986,2.8496257706440167,2.834894859623717,1.0,1.0,6.0,0.0,1.0,1.0,1.0,1.0,1.0,1.0,0.0,0.0,0.0,0.0,0.0,0.0,0.0,0.0,0.0,0.0,0.0,0.0
carried,fixed,1,500,2.654260285601467,2.690943799863012,2.7105082493246297,0.9109996539043779,0.9227441290789531,5.573457150126715,-0.5599213025723301,0.99226826592617,0.991464378240469,0.7994000053062209,0.9946179280864735,0.8596568620900238,0.9360497104773602,0.007731734073833416,0.008535621759536286,0.20059999469377343,0.005382071913528808,0.14034313790997427,0.06395028952263924,0.007731734073833416,0.008535621759536286,0.20059999469377343,0.005382071913528808,0.14034313790997427,0.06395028952263924
carried,fixed,2,500,2.543955770662524,2.586396175990288,2.6051868915326524,0.8381844247537733,0.8283035245254162,5.191322367697644,-1.0630289797037835,0.8613242043289484,0.925457455805424,0.7682125266692583,0.8754785378422999,0.8252383705187342,0.935611272532982,0.13867579567105484,0.07454254419457498,0.23178747333074146,0.12452146215770211,0.17476162948126664,0.0643887274670165,0.130944061597221,0.0660069224350387,0.031187478636967105,0.11913939024417389,0.03441849157129253,0.00043843794437714665
carried,fixed,3,500,2.439696374111077,2.4489327166525006,2.5030036377824865,0.7828354560117645,0.7690515771572265,4.882592174243348,-1.4812734405690735,0.6614937203240469,0.9239237899509648,0.7233572083241412,0.8466654639845932,0.7924047638889704,0.93474722777063,0.3385062796759533,0.07607621004903573,0.2766427916758576,0.1533345360154063,0.20759523611102926,0.06525277222936963,0.1998304840048992,0.0015336658544607188,0.044855318345116225,0.028813073857704253,0.03283360662976284,0.0008640447623531846
carried,fixed,4,500,2.337017594648778,2.307519531935807,2.403557904152875,0.7313039666101038,0.7067111402033651,4.565950671679452,-1.906674053923549,0.6588919860329507,0.8238553942170793,0.7125370580504207,0.6835693988636045,0.7585837703143747,0.9285130642010201,0.3411080139670497,0.17614460578292118,0.2874629419495784,0.3164306011363956,0.2414162296856249,0.0714869357989782,0.002601734291096531,0.10006839573388565,0.010820150273721225,0.16309606512098893,0.033820993574595504,0.006234163569608514
carried,fixed,5,500,2.2949977477351426,2.25643911081845,2.3648163496830503,0.6994148557717087,0.6597679023255643,4.40897645813694,-2.1909398867033425,0.6136640852051497,0.8213532880806991,0.6687596393346588,0.6439877574918974,0.7410423880192002,0.9201693000053349,0.3863359147948506,0.1786467119193014,0.33124036066534035,0.3560122425081032,0.2589576119807996,0.07983069999466581,0.04522790082780054,0.0025021061363800726,0.043777418715761796,0.039581641371707714,0.01754138229517458,0.008343764195687622
carried,fixed,6,500,2.2548383128292433,2.2307990967829117,2.328193421704578,0.6732252739131326,0.6259120721832061,4.274344276386441,-2.4392811822537213,0.556468819899281,0.819513127615249,0.6577927336509348,0.6276041241623986,0.7380833686654505,0.8748821023931288,0.4435311801007188,0.18048687238475117,0.34220726634906545,0.37239587583760214,0.26191663133454957,0.12511789760687086,0.05719526530586913,0.0018401604654497766,0.01096690568372506,0.016383633329498833,0.002959019353749704,0.045287197612204934
carried,fixed,7,500,2.220657121688794,2.2038644293142253,2.296540706756039,0.6483206092332148,0.5898777582822248,4.15362796263394,-2.689126670380919,0.5527007710731869,0.8185305790235176,0.655423118034995,0.608478197928261,0.7010442869019283,0.8174510096720524,0.447299228926813,0.18146942097648264,0.34457688196500486,0.39152180207173914,0.29895571309807184,0.18254899032794802,0.0037680488260929557,0.0009825485917314331,0.0023696156159391966,0.019125926234137145,0.037039081763522705,0.05743109272107735
carried,fixed,8,500,2.1479451837560326,2.1128297550352197,2.22943701241447,0.6159127217847988,0.5468560247006012,3.9113585780257334,-3.0378278483510726,0.5409991379564605,0.8044886376695745,0.6544499488260617,0.6047476576813476,0.6189222034293074,0.687750992462982,0.45900086204353974,0.195511362330426,0.3455500511739375,0.3952523423186522,0.38107779657069335,0.3122490075370176,0.011701633116727153,0.01404194135394319,0.0009731692089328763,0.0037305402469129285,0.08212208347262127,0.12970001720906957
carried,fixed,9,500,2.122833513203307,2.0860166048152284,2.206867768507317,0.600010075925885,0.524229019242755,3.8334597675515005,-3.219720163981326,0.533396287576484,0.767426269766564,0.646306834189222,0.5864645055840294,0.6186016986928031,0.6812641717423982,0.4666037124235161,0.23257373023343625,0.35369316581077737,0.41353549441597093,0.3813983013071971,0.31873582825760094,0.007602850379977037,0.03706236790301033,0.00814311463683991,0.018283152097318695,0.0003205047365038919,0.006486820720583389
carried,fixed,10,500,2.0785321430273536,2.015755761868307,2.165363411943236,0.5806456830424127,0.49644734093198006,3.712165812568694,-3.451851980943714,0.5090039030012744,0.7389728811627229,0.637126152685087,0.5854726429790644,0.5806190513122247,0.6609711814283222,0.4909960969987256,0.2610271188372777,0.36287384731491235,0.4145273570209358,0.419380948687776,0.3390288185716779,0.024392384575209234,0.028453388603841653,0.00918068150413497,0.000991862604964774,0.0379826473805789,0.020292990314076866
carried,fixed,11,500,2.0245210700469793,1.9463362007538159,2.1171084122483004,0.560170306347057,0.4693076112870567,3.579051211461206,-3.7112901496119295,0.5075116227003603,0.7135998390399906,0.5514695121317637,0.5691498897161767,0.5783222015973793,0.6589981462755347,0.4924883772996397,0.28640016096000886,0.448530487868236,0.4308501102838233,0.42167779840262043,0.3410018537244657,0.0014922803009137576,0.0253730421227311,0.08565664055332389,0.016322753262887516,0.0022968497148445656,0.0019730351527873268
carried,fixed,12,500,1.9983073104338387,1.932960158981411,2.0937423284550896,0.5483393818826228,0.4529390402086061,3.507390857144423,-3.8690121016824452,0.5074343310884254,0.6912770712348331,0.5403661469615817,0.5347968420726514,0.5782681726692411,0.6552482931176908,0.49256566891157455,0.3087229287651672,0.45963385303841814,0.4652031579273485,0.4217318273307589,0.3447517068823085,7.729161193516876e-05,0.0223227678051584,0.011103365170182074,0.034353047643525404,5.402892813837279e-05,0.003749853157843499
carried,fixed,13,500,1.9764925653802494,1.900634694853776,2.0746286116721446,0.5359752567481431,0.4359182781487081,3.4408680380206915,-4.0406685495183075,0.5060541938704094,0.6816808298193561,0.5154936844169401,0.5203619653876354,0.5706610335709533,0.6466163309553972,0.49394580612959044,0.3183191701806439,0.48450631558305957,0.47963803461236476,0.4293389664290469,0.3533836690446027,0.001380137218015694,0.009596241415476811,0.024872462544641524,0.014434876685015946,0.007607139098287945,0.008631962162293807
carried,fixed,14,500,1.9130682620755608,1.8375471281113236,2.02204994722785,0.5194608682171195,0.4107522278962944,3.307853385441068,-4.282033725121388,0.5016063929602903,0.5930695909607875,0.5063868546144845,0.5161971065726536,0.5702524202796931,0.6203410200531614,0.4983936070397097,0.40693040903921257,0.4936131453855155,0.48380289342734634,0.4297475797203072,0.3796589799468393,0.004447800910119074,0.08861123885856877,0.009106829802456204,0.004164858814981995,0.00040861329126053994,0.026275310902236577
carried,fixed,15,500,1.8830158003585582,1.7983029279637694,1.9960988502058843,0.508303291897636,0.3935416387074089,3.236536008591837,-4.454259395737421,0.48695098811202314,0.5814567248297425,0.5050525265523399,0.5143118144700017,0.5678886919886331,0.5808752626390972,0.5130490118879769,0.41854327517025774,0.49494747344766005,0.4856881855299982,0.43211130801136666,0.419124737360903,0.01465540484826699,0.011612866131045067,0.0013343280621442423,0.001885292102651618,0.002363728291059629,0.03946575741406383
carried,fixed,16,500,1.8531980287519412,1.7367850061452497,1.9712202000935983,0.4968325491657303,0.3781148328749544,3.1493151415398057,-4.639580751013644,0.47293496551814423,0.5456202815418867,0.5040699045270399,0.5033475716078245,0.5643559004041632,0.5589865179407483,0.527065034481856,0.45437971845811365,0.49593009547295996,0.49665242839217555,0.43564409959583694,0.441013482059252,0.014016022593879242,0.03583644328785615,0.000982622025299985,0.010964242862177398,0.0035327915844699373,0.021888744698348953
carried,fixed,17,500,1.826884888803593,1.6944757641217856,1.9486662151307121,0.48731801928118307,0.3639567476120934,3.0819732731684772,-4.801193315121012,0.4720543557245326,0.536114156006002,0.4820823834636407,0.48805023101723016,0.5640776327141757,0.5395945142428971,0.5279456442754673,0.4638858439939976,0.5179176165363595,0.5119497689827699,0.4359223672858244,0.4604054857571031,0.0008806097936117544,0.009506125535883972,0.021987521063399403,0.015297340590594045,0.0002782676899876646,0.01939200369785158
carried,fixed,18,500,1.8084820275023807,1.7110685044758696,1.9344622252451154,0.4797487030309935,0.35047591619730467,3.032067078531261,-4.935433676157921,0.4697044827730707,0.5257742182725683,0.4777881866964265,0.46938693608731014,0.5539036488376443,0.5355096058642423,0.5302955172269291,0.47422578172743174,0.5222118133035738,0.5306130639126896,0.446096351162356,0.46449039413575754,0.0023498729514615825,0.01033993773343361,0.004294196767214047,0.018663294929920384,0.010173983876531754,0.004084908378654552
carried,fixed,19,500,1.7904900691861294,1.6793590217438827,1.9189637042419028,0.473739773942532,0.34189734132343197,2.994596875456263,-5.0466305916385155,0.44072484032947623,0.5223112195474553,0.4768124451405541,0.46665430054996404,0.5538720658108904,0.5342220040779245,0.5592751596705234,0.4776887804525444,0.5231875548594461,0.533345699450036,0.44612793418910945,0.46577799592207536,0.028979642443594314,0.0034629987251131276,0.0009757415558724258,0.0027326355373458976,3.158302675372782e-05,0.0012876017863180519
carried,fixed,20,500,1.7826840166504447,1.6618987641054228,1.9126062916987512,0.46854960517280553,0.3358324099812289,2.962339460618713,-5.14605057824623,0.4388305109290443,0.520680238523005,0.46847341245568275,0.4631737498468415,0.543786522621765,0.5273950262423764,0.5611694890709552,0.47931976147699523,0.5315265875443173,0.5368262501531581,0.45621347737823514,0.47260497375762356,0.0018943294004325562,0.0016309810244505298,0.008339032684871246,0.003480550703122703,0.010085543189125058,0.006826977835547967
available,random,0,500,2.7833272196448986,2.8496257706440167,2.834894859623717,1.0,1.0,6.0,0.0,1.0,1.0,1.0,1.0,1.0,1.0,0.0,0.0,0.0,0.0,0.0,0.0,0.0,0.0,0.0,0.0,0.0,0.0
available,random,1,485,2.6508981557939366,2.6777505377121726,2.707604981350095,0.9121273288723898,0.9225401213049025,5.577631495690163,-0.5524677428634223,0.9095922228298836,0.9378319997576845,0.9250661882738735,0.9157799110061595,0.9553008484882951,0.9340603253342649,0.0904077771701164,0.06216800024231582,0.07493381172612594,0.08422008899384088,0.04469915151170391,0.0659396746657338,0.0904077771701164,0.06216800024231582,0.07493381172612594,0.08422008899384088,0.04469915151170391,0.0659396746657338
available,random,2,470,2.5432052933807965,2.571360261797797,2.6026552192266665,0.836246477549649,0.8316046468254048,5.19360838669943,-1.0743613897317479,0.8308802352298192,0.8821247334263839,0.8565710751072618,0.8446999762384089,0.9058084111390436,0.8735239555585133,0.16911976477018048,0.1178752665736161,0.14342892489273812,0.15530002376159144,0.09419158886095652,0.12647604444148713,0.0782547464799679,0.05640058123971009,0.06951875214624023,0.07048528758570753,0.04954591890710442,0.06058019155401804
available,random,3,460,2.4340427860861116,2.462822886073461,2.497331510125124,0.7691797136053881,0.7674175565488406,4.837510796722278,-1.57685771187859,0.7640841914999753,0.8318590672178251,0.7954272108901178,0.7759106298662712,0.8545556589877652,0.8156740382603248,0.23591580850002494,0.16814093278217515,0.2045727891098815,0.2240893701337295,0.14544434101223463,0.18432596173967541,0.06605040525326991,0.049563523547013544,0.06118874598806607,0.06903099943457079,0.05147754080123449,0.058439960567622365
available,random,4,450,2.3199349195751826,2.2857085189222657,2.3870336635240377,0.7106809186876447,0.7100202829742719,4.511592625491422,-2.0521308256852473,0.7014118192887481,0.7806711709666504,0.7337551799611467,0.7149111469347704,0.8139325856300291,0.766910722710077,0.2985881807112524,0.21932882903334974,0.2662448200388524,0.2850888530652307,0.1860674143699697,0.23308927728992312,0.06291826860190641,0.051444313659980805,0.062096294599061845,0.060440938204829445,0.040627847375078026,0.048655881289402965
available,random,5,434,2.2238176789900423,2.202868880155253,2.2937084402580346,0.659133232134872,0.6591761564821361,4.213210439038278,-2.5045595126557036,0.6437414398196837,0.7383071654339708,0.6805739632900059,0.6613545851523447,0.771171127413423,0.7180621579288501,0.3562585601803165,0.2616928345660284,0.31942603670999425,0.3386454148476553,0.22882887258657697,0.28193784207114997,0.056725797400971646,0.04098201589273572,0.05395421238066544,0.054883323178247595,0.042815316282960356,0.047412089048532766
available,random,6,422,2.1382221657482354,2.119842825092205,2.2101488861867242,0.6148117698263362,0.6134231407272538,3.950409501501852,-2.9230213223150914,0.5905775006349077,0.6988716280357367,0.6334021673991852,0.617965256038031,0.7331723493912812,0.6764206000027108,0.40942249936509223,0.3011283719642633,0.36659783260081524,0.3820347439619696,0.2668276506087186,0.3235793999972891,0.053542529696800865,0.038201048529722954,0.0487553282222765,0.04273510877919411,0.03810874473867484,0.04061631637953615
available,random,7,415,2.057726078604043,2.034209359454647,2.129660498663117,0.5745517760435896,0.5720049770984218,3.7042743984217337,-3.3302362484736308,0.547556714892506,0.6575567389212768,0.5887152825961642,0.5762034222670613,0.6974378864439507,0.6368043533007752,0.4524432851074939,0.3424432610787236,0.4112847174038361,0.42379657773293883,0.30256211355604923,0.36319564669922505,0.042708152932947684,0.04072634856927453,0.044616928489603566,0.04138889529646606,0.036148657120817045,0.040014281671866554
available,random,8,407,1.968197672806357,1.9379915451294232,2.0422888931130454,0.539089104102158,0.5368375325286345,3.481962826092077,-3.713196761124165,0.5044224257288078,0.6250428306908418,0.5510109214509469,0.5357664973263424,0.6633534110657874,0.6023667398293503,0.49557757427119214,0.3749571693091579,0.4489890785490535,0.46423350267365754,0.3366465889342124,0.3976332601706493,0.04224782913501953,0.03265140294415043,0.03830876278743517,0.040046429505011305,0.03474086664733683,0.03498757745200388
available,random,9,393,1.902863537091181,1.874599282538816,1.976967797118698,0.5080321803694956,0.5052962842915085,3.284084970714137,-4.069743506265932,0.47158172118517483,0.5940380964587487,0.5161355784915194,0.5043393884136304,0.6323882026202247,0.5656019835448389,0.5284182788148252,0.4059619035412516,0.4838644215084808,0.4956606115863697,0.36761179737977545,0.43439801645516074,0.03465107056418047,0.03050736879742729,0.0336463653476444,0.03197406919305595,0.030728100086340863,0.036686832592480074
available,random,10,382,1.8385783377967413,1.8144233534278897,1.9116227514797037,0.4793505237210089,0.47662086730770103,3.1001713289985844,-4.4183633166404075,0.44204221389673887,0.563106585314696,0.48546134660997275,0.4734729926547085,0.6005002203881904,0.5355879701342776,0.557957786103261,0.43689341468530374,0.5145386533900272,0.5265270073452918,0.3994997796118097,0.46441202986572216,0.028203932551699083,0.030353094370979043,0.030781910803582245,0.031707565302145344,0.03226733873689098,0.030931062748564192
available,random,11,374,1.772245189327847,1.7413686837531945,1.8442916812290593,0.45366858389097353,0.4516277589707721,2.933552308884796,-4.749450531280652,0.4149260544816114,0.535032834667921,0.4598932746551395,0.44424819576762575,0.5747225759235529,0.5047293733889449,0.5850739455183884,0.4649671653320788,0.5401067253448606,0.5557518042323745,0.425277424076447,0.49527062661105503,0.026561524167313787,0.027350132403047223,0.025515295582395684,0.029311602990213854,0.0261087333323182,0.02961790853405998
available,random,12,361,1.7263082059765025,1.6781563440857126,1.799722888242287,0.4313530323540367,0.4282542912594599,2.7904384205102457,-5.052224318568396,0.3915365543529151,0.5124957279404616,0.43317523238592653,0.42239518683469296,0.5497945052081178,0.4810412137881322,0.6084634456470855,0.48750427205953833,0.5668247676140733,0.5776048131653077,0.45020549479188227,0.5189587862118679,0.023756498570824177,0.023015195325026723,0.026373721175129688,0.02171204340119396,0.02528302652530762,0.02434037533091442
available,random,13,351,1.6689597880088975,1.6433292510448076,1.7401020084610006,0.4096888687939751,0.4072818624913766,2.646754487585328,-5.361046053438592,0.3694726278684354,0.4857495177377248,0.40872016733708216,0.4017980792514488,0.5282710526672988,0.4527430427233377,0.6305273721315645,0.5142504822622753,0.5912798326629186,0.5982019207485516,0.4717289473327012,0.5472569572766626,0.02154409999617987,0.026282365960275788,0.02483586414285866,0.020357201032342554,0.021557535999283818,0.02809134379294974
available,random,14,339,1.6297711231900622,1.608275854166542,1.697662525861943,0.39092960911331165,0.38935044058670776,2.522325689715136,-5.642462284572959,0.35280725139907687,0.4592218122559231,0.3894637604627313,0.38209852193717475,0.5073318255281226,0.43140251813210745,0.6471927486009226,0.540778187744077,0.6105362395372687,0.6179014780628256,0.49266817447187733,0.5685974818678926,0.01707964866403826,0.024957415654913297,0.020472865794306544,0.01985064725987296,0.022056125639964622,0.021935461345341876
available,random,15,328,1.5923448180575763,1.574087959068834,1.6603055348218159,0.37301561688222823,0.37079012459846783,2.40172464376662,-5.924128184876563,0.33314014834107125,0.43777465693922457,0.37074343321793146,0.36201068673699405,0.48516050761780405,0.4128952109135953,0.6668598516589284,0.562225343060775,0.629256566782069,0.6379893132630058,0.514839492382196,0.5871047890864056,0.01887836923050272,0.02090590185861142,0.01856321959681422,0.01990526496756297,0.022148928557828393,0.01872403150899456
available,random,16,315,1.559951342285043,1.5115119911825956,1.6258407101146062,0.35688043764243726,0.35490708648184727,2.293789363338313,-6.189872572699907,0.3162848980434578,0.42070864770212074,0.3522683951308563,0.3459402112487116,0.4648306633770931,0.39375654783607295,0.6837151019565426,0.5792913522978794,0.6477316048691433,0.654059788751288,0.5351693366229067,0.6062434521639268,0.01655468576901928,0.0180393577676191,0.01865208829326938,0.015654343303020322,0.019585816555405693,0.019207403182103986
available,random,17,309,1.5262649000025048,1.4937276183273642,1.5912976805524905,0.3421774427646977,0.3409999079744958,2.1952928051812646,-6.442112194592531,0.30121097785850254,0.40287688574274455,0.33640582182025963,0.33095197664869375,0.44747128912000317,0.37637585399106066,0.6987890221414974,0.5971231142572553,0.6635941781797404,0.6690480233513061,0.552528710879997,0.6236241460089389,0.015612605696913015,0.017517494381147594,0.016083327000801218,0.014460261806778035,0.017827932594426613,0.017418039431919215
available,random,18,301,1.4838914667753305,1.4504764271576085,1.548463926541067,0.3288100573675855,0.3275575703404198,2.1062867310944893,-6.6817205011028085,0.289849275652608,0.38490764619122914,0.32211779854569345,0.315257367909906,0.43175492717191416,0.3623997156231387,0.710150724347392,0.6150923538087708,0.6778822014543062,0.6847426320900941,0.5682450728280859,0.6376002843768614,0.011659363338614975,0.017263594415122333,0.014635785691127046,0.015433241521703011,0.016143925249470673,0.014383770895808626
available,random,19,293,1.4463553764460388,1.4398528646822029,1.5106974156903137,0.3159642459645094,0.3143359772853664,2.020778745320724,-6.921003945274868,0.27571649009969473,0.37121302661620886,0.30903622794367264,0.30145864004538375,0.4143345060832093,0.3490198545325552,0.7242835099003062,0.6287869733837917,0.6909637720563283,0.6985413599546155,0.5856654939167905,0.6509801454674446,0.014127541316316244,0.013458926871456117,0.013271185323794073,0.013550069454797517,0.016955918731652513,0.012607152407314649
available,random,20,286,1.39791478422172,1.3761343934226447,1.4615751896039308,0.30428759215102946,0.30305230287445495,1.9419121891443998,-7.147367367292403,0.2636692311479325,0.3573347537819916,0.2955460402150493,0.2900072005291871,0.4003105410183877,0.33504442245185156,0.7363307688520672,0.6426652462180087,0.7044539597849506,0.7099927994708136,0.5996894589816125,0.6649555775481487,0.012414614613591165,0.01357374135114307,0.013425625071636442,0.011550893486117021,0.014155526141221331,0.014440421629256843
carried,random,0,500,2.7833272196448986,2.8496257706440167,2.834894859623717,1.0,1.0,6.0,0.0,1.0,1.0,1.0,1.0,1.0,1.0,0.0,0.0,0.0,0.0,0.0,0.0,0.0,0.0,0.0,0.0,0.0,0.0
carried,random,1,500,2.650853603792474,2.6811614839149422,2.707826169999721,0.9147635090062181,0.9226363532776636,5.590302550819459,-0.5358937105775197,0.9123044561449872,0.9396970397649541,0.9273142026256572,0.9183065136759748,0.9566418230336463,0.9360385155742367,0.08769554385501291,0.060302960235046346,0.07268579737434216,0.08169348632402565,0.043358176966352795,0.06396148442576179,0.08769554385501291,0.060302960235046346,0.07268579737434216,0.08169348632402565,0.043358176966352795,0.06396148442576179
carried,random,2,500,2.5521522527426024,2.5822551658839483,2.6112071727453343,0.8432442418831719,0.8327996272052216,5.228604201581475,-1.0277349192927867,0.8387449944538172,0.8866804933996264,0.861966575608192,0.8520503433454092,0.910068659260969,0.8790931355134611,0.1612550055461828,0.11331950660037372,0.13803342439180785,0.14794965665459084,0.08993134073903099,0.12090686448653885,0.07355946169116984,0.05301654636532749,0.06534762701746581,0.06625617033056508,0.04657316377267816,0.05694538006077696
carried,random,3,500,2.4540381847978225,2.5052694913402966,2.5169687874088944,0.7816496566660958,0.7699481247903913,4.90131312003704,-1.4892898317714007,0.7779786216208092,0.8410820517363736,0.8056729292991709,0.7885418238656045,0.8627093217238329,0.8253283717912486,0.22202137837919086,0.15891794826362632,0.1943270707008284,0.21145817613439583,0.1372906782761667,0.17467162820875143,0.06076637283300832,0.045598441663252456,0.056293646309020784,0.06350851947980513,0.04735933753713573,0.053764763722212575
carried,random,4,500,2.3496796039326795,2.3288640972384957,2.41742037878984,0.7289943860819696,0.7133022711732055,4.607747930679807,-1.9170924160468168,0.7213521798790941,0.7947821694423914,0.7497862641600146,0.7341449794812583,0.8261442590862622,0.7815380786307862,0.2786478201209069,0.20521783055760892,0.25021373583998396,0.26585502051874255,0.17385574091373684,0.21846192136921383,0.056626441741715765,0.04629988229398273,0.05588666513915566,0.0543968443843465,0.03656506263757022,0.043790293160462665
carried,random,5,500,2.2624301384133054,2.256335775427312,2.333922603640706,0.684501319580746,0.6626192755159075,4.350149180047996,-2.3077246296999347,0.6721141877350498,0.7592097796474964,0.7029540078135977,0.6865062549625386,0.7889805645526531,0.7403843853366598,0.32788581226495006,0.24079022035250347,0.2970459921864017,0.3134937450374613,0.2110194354473465,0.2596156146633403,0.04923799214404339,0.035572389794894604,0.0468322563464176,0.04763872451871891,0.037163694533609584,0.041153693294126444
carried,random,6,500,2.1878153229511392,2.174079063558163,2.2620926648281765,0.6471414213612843,0.6203976969481939,4.129055719611799,-2.6604532517129464,0.6269242926709493,0.7269680946884104,0.6618045107939962,0.6504378231528991,0.7568167839932117,0.706104214312331,0.37307570732904993,0.27303190531158983,0.3381954892060031,0.34956217684710084,0.24318321600678822,0.29389578568766883,0.04518989506409993,0.03224168495908617,0.04114949701960137,0.03606843180963983,0.03216378055944157,0.03428017102432851
carried,random,7,500,2.11957811542618,2.0956681695632096,2.1948756349871736,0.6137872899821841,0.5784166832884732,3.9252050104245892,-2.9978027675875474,0.5914765257366037,0.6931652253759122,0.6247724601476257,0.6160850400568318,0.7268133985829331,0.6728923605246814,0.40852347426339647,0.30683477462408737,0.3752275398523744,0.3839149599431676,0.2731866014170663,0.3271076394753182,0.03544776693434658,0.03380286931249786,0.03703205064637096,0.03435278309606683,0.03000338541027815,0.03321185378764924
carried,random,8,500,2.045527880739813,2.0251680497208078,2.125032058549818,0.5848667641080056,0.5421217683212805,3.7436969554892303,-3.3100725588681073,0.5570867928206982,0.6665869833793742,0.5935891272386534,0.5834872464397528,0.6985343331320018,0.6444124724787498,0.4429132071793022,0.3334130166206263,0.4064108727613464,0.4165127535602475,0.3014656668679982,0.35558752752124945,0.0343897329159059,0.026578241996538448,0.03118333290897223,0.03259779361707921,0.02827906545093218,0.028479888045931153
carried,random,9,500,1.9958075612123949,1.9754354259002511,2.07810547996904,0.5603822359817994,0.5141858756676503,3.5879166235164623,-3.591101996736485,0.5298510513572512,0.6426081915045965,0.5671430840754054,0.5583556280540108,0.674382046464137,0.6155766220610607,0.47014894864274853,0.357391808495404,0.4328569159245945,0.4416443719459895,0.3256179535358624,0.38442337793893916,0.027235741463445852,0.02397879187477785,0.026446043163248497,0.025131618385741978,0.02415228666786392,0.02883585041768934
carried,random,10,500,1.9479521400535988,1.921034948042466,2.0310724239447837,0.5384498490454296,0.48607945433620137,3.447153516467873,-3.8576748766013367,0.5083032468877539,0.6194184274051682,0.5436257042214684,0.5341310481631714,0.6497297996691532,0.5919452901211583,0.4916967531122461,0.3805815725948319,0.45637429577853156,0.4658689518368285,0.35027020033084755,0.4080547098788421,0.0215478044694981,0.02318976409942799,0.023517379853936836,0.02422457989083904,0.024652246794984706,0.023631331939903043
carried,random,11,500,1.898407852557321,1.838344080056828,1.9845064039660407,0.5194347011056755,0.46236378562321756,3.32413354910488,-4.1029689348527505,0.4884352268106029,0.5989605283676889,0.5245402631258362,0.5122059691264917,0.6302004671365786,0.5697910945376814,0.5115647731893971,0.4010394716323114,0.47545973687416365,0.4877940308735082,0.3697995328634209,0.4302089054623192,0.019868020077150713,0.020457899037479323,0.019085441095631973,0.021925079036679965,0.019529332532574013,0.022154195583476862
carried,random,12,500,1.8637802933043017,1.8125617895881785,1.952544725593817,0.5032212180185207,0.44078992551308693,3.2198183679477776,-4.322937731982862,0.47128303484246725,0.5823435573430201,0.5054984364373929,0.4965298737908293,0.611946121985307,0.5522173435487611,0.5287169651575326,0.41765644265698026,0.49450156356260716,0.5034701262091708,0.3880538780146932,0.44778265645123905,0.017152191968135055,0.016616971024669292,0.019041826688443633,0.01567609533566204,0.0182543451512721,0.01757375098892021
carried,random,13,500,1.8267670250989259,1.7886951594944587,1.9169926058900053,0.48807819949426945,0.4198167615815298,3.1196651434792066,-4.538803656762482,0.4561590766451493,0.5638933364389062,0.48806365980910565,0.4822391186661249,0.5968127317138094,0.5324972202061095,0.5438409233548509,0.4361066635610941,0.5119363401908943,0.517760881333875,0.4031872682861907,0.4675027797938904,0.01512395819731827,0.018450220904113603,0.01743477662828678,0.014290755124704473,0.01513339027149724,0.019720123342650716
carried,random,14,500,1.8090743077838902,1.7625462086308,1.900263255121852,0.4751035938984556,0.40111942192359334,3.0339983760441855,-4.733295028813156,0.44457907485093157,0.5469722086248754,0.4741830568005662,0.4687803798239312,0.5818586785299137,0.5176249774139681,0.5554209251490689,0.4530277913751253,0.5258169431994337,0.5312196201760689,0.41814132147008665,0.4823750225860318,0.011580001794217943,0.016921127814031215,0.013880603008539836,0.013458738842193866,0.014954053183896015,0.014872242792141792
carried,random,15,500,1.7811972093669877,1.759197847458854,1.8753006020245604,0.4634661186131961,0.3845609833215718,2.9558519065316595,-4.9162560955226455,0.43219486463572176,0.5332579370056263,0.46200558474505554,0.4557225260052099,0.5673289813959782,0.5053420127440675,0.5678051353642783,0.4667420629943742,0.5379944152549442,0.5442774739947904,0.43267101860402213,0.49465798725593246,0.012384210215209785,0.013714271619249091,0.012177472055510128,0.013057853818721307,0.014529697133935425,0.012282964669900432
carried,random,16,500,1.7557778661685701,1.701290072614359,1.8523556534853063,0.4533308973467753,0.3696518301311519,2.888004878763284,-5.083124424726658,0.4217654126012394,0.5218931416120254,0.4502547691202965,0.4458602897243074,0.5549899169660724,0.4932413487393425,0.5782345873987605,0.4781068583879747,0.5497452308797032,0.5541397102756929,0.4450100830339276,0.5067586512606574,0.010429452034482145,0.011364795393600033,0.01175081562475971,0.009862236280902803,0.012339064429905585,0.01210066400472551
carried,random,17,500,1.7319602290769809,1.6548664545554876,1.831435316446617,0.4441876750380973,0.35501243720839093,2.8268725283196763,-5.239968808580401,0.41211682228054725,0.5110673300844762,0.440315273033801,0.43692384792771843,0.5439722546227163,0.48247700037041646,0.5878831777194526,0.4889326699155236,0.559684726966199,0.5630761520722818,0.45602774537728336,0.5175229996295835,0.009648590320692242,0.010825811527549214,0.009939496086495152,0.008936441796588826,0.011017662343355647,0.010764348368926075
carried,random,18,500,1.7078821302715474,1.6502408980769085,1.8099162056215714,0.43609197697330065,0.34324975826161386,2.772981680290345,-5.385156071836512,0.405097885550701,0.5006746462465729,0.43150453004774275,0.427633036531653,0.5342536116225353,0.47381797029113937,0.5949021144492991,0.4993253537534272,0.5684954699522577,0.5723669634683469,0.465746388377465,0.5261820297088605,0.0070189367298462155,0.010392683837903644,0.008810742986058483,0.009290811396065213,0.009718643000181345,0.008659030079276793
carried,random,19,500,1.6890679000479942,1.6293457303745433,1.79411665180163,0.42875231037418426,0.33122668370857333,2.723774794944621,-5.521995982799245,0.3968191463393394,0.4927877150998992,0.423727615447999,0.4196926958311421,0.5243174432457869,0.46643017898045347,0.6031808536606604,0.5072122849001008,0.576272384552001,0.5803073041688586,0.47568255675421306,0.5335698210195465,0.00827873921136132,0.007886931146673284,0.007776914599743326,0.007940340700511346,0.009936168376748373,0.007387791310686384
carried,random,20,500,1.6647691575816788,1.5800975098422598,1.7740191381588442,0.42199312897118646,0.32153257688840176,2.6782660045930444,-5.652964250847374,0.38971798678036573,0.4850235350470454,0.41604815790702326,0.4130855847570826,0.5162204822930081,0.45817025780851806,0.6102820132196344,0.5149764649529543,0.5839518420929769,0.5869144152429175,0.4837795177069917,0.5418297421914817,0.007101159558974146,0.007764180052853836,0.007679457540976045,0.006607111074058937,0.008096960952778603,0.008259921171934914
available,surrogate_unweighted,0,500,2.7833272196448986,2.8496257706440167,2.834894859623717,1.0,1.0,6.0,0.0,1.0,1.0,1.0,1.0,1.0,1.0,0.0,0.0,0.0,0.0,0.0,0.0,0.0,0.0,0.0,0.0,0.0,0.0
available,surrogate_unweighted,1,500,2.6769279887755464,2.699123604747267,2.7284926327810486,0.9121404849259782,0.9243260511010195,5.578087085897934,-0.5525229589269819,0.9839442531126984,0.8846505498992547,0.7449802778183094,0.9792700676147841,0.9908777390975868,0.9943641983553082,0.016055746887304077,0.11534945010074632,0.25501972218169267,0.020729932385216445,0.009122260902406797,0.005635801644699452,0.016055746887304077,0.11534945010074632,0.25501972218169267,0.020729932385216445,0.009122260902406797,0.005635801644699452
available,surrogate_unweighted,2,500,2.5547406927049496,2.5851730223423193,2.6142607322605906,0.8303630694807138,0.8280976895688237,5.149023137862032,-1.116626651546072,0.6715157093764051,0.8003656710914094,0.73853221183447,0.9692444290518459,0.9831807094872952,0.9861844070206012,0.3284842906235949,0.19963432890858884,0.2614677881655285,0.030755570948151047,0.016819290512701694,0.013815592979401952,0.31242854373629125,0.08428487880784315,0.006448065983835512,0.01002563856293469,0.007697029610294888,0.008179791334702617
available,surrogate_unweighted,3,500,2.438952277271591,2.484761422800441,2.5014784146128606,0.75666026412976,0.7628780545066315,4.726949166564833,-1.674875709969646,0.6008196223775232,0.7713602486026919,0.7297494215959187,0.9637795238628183,0.8691177866945569,0.7921225634313285,0.3991803776224772,0.22863975139730788,0.2702505784040807,0.03622047613718158,0.13088221330544583,0.20787743656867347,0.07069608699888177,0.029005422488718513,0.008782790238552392,0.005464905189030464,0.1140629227927439,0.19406184358927123
available,surrogate_unweighted,4,458,2.306964228616615,2.270578741948833,2.3723217734759126,0.6906895024878165,0.6896608036211711,4.317565889258492,-2.2228802148989955,0.6003366420680145,0.770994323982023,0.6640057681063898,0.6437506082464233,0.8534153738543093,0.7850631730013313,0.39966335793198565,0.22900567601797642,0.33599423189360894,0.3562493917535769,0.14658462614569046,0.2149368269986698,0.00024169994763283137,0.000153305901383822,0.06540694761890717,0.3199876808438874,0.015437316652060102,0.006640741253307887
available,surrogate_unweighted,5,458,2.174460050825086,2.1688684784915346,2.236582952476593,0.6323342874955413,0.6360299760934532,3.9309508665443333,-2.752987076467791,0.5952329268364045,0.5270568467187948,0.6453574797356152,0.6190561070567433,0.8442708425917967,0.699976663604977,0.4047670731635952,0.4729431532812052,0.354642520264385,0.3809438929432565,0.1557291574082027,0.30002333639502277,0.005103715231609965,0.24393747726322887,0.018648288370775177,0.02469450118967997,0.009144531262512351,0.08508650939635316
available,surrogate_unweighted,6,458,2.0492689978377854,2.0785292317968347,2.112536335976092,0.5848615395098938,0.5839128721413208,3.6115203887877234,-3.2217024694844123,0.5885051370841997,0.5268499428821108,0.5444340685370433,0.6181096505121401,0.6921337918644137,0.6414877979078141,0.4114948629158004,0.47315005711788916,0.4555659314629566,0.38189034948785994,0.3078662081355853,0.3585122020921859,0.006727789752204974,0.00020690383668423685,0.10092341119857137,0.0009464565446035185,0.1521370507273824,0.05848886569716317
available,surrogate_unweighted,7,401,1.9450755980270382,1.9565598436542069,2.0037297403641454,0.543232640910664,0.5444231860493665,3.331791306013396,-3.664997803573057,0.49546198681804277,0.5265013354594683,0.5261154820046859,0.5529707454507862,0.612153651196542,0.6185881050838713,0.5045380131819572,0.4734986645405319,0.47388451799531395,0.4470292545492137,0.3878463488034579,0.38141189491612876,0.09294870605907796,0.0003421050298328948,0.01842598667037977,0.06570952619940132,0.08064276280580558,0.023674975620840272
available,surrogate_unweighted,8,401,1.873140832931641,1.8759092705072047,1.9345245089414271,0.5079462524907065,0.5062994175713155,3.113873937396532,-4.068196193437268,0.48305782311332046,0.524082301703806,0.46356035038590065,0.523172976943179,0.5058865789490089,0.6141139063013153,0.5169421768866796,0.47591769829619374,0.5364396496140995,0.4768270230568209,0.4941134210509913,0.38588609369868404,0.012404163704722115,0.0024190337556616827,0.06255513161878538,0.02979776850760608,0.10626707224753348,0.0044741987825553135
available,surrogate_unweighted,9,391,1.8066596743892915,1.7801398701135176,1.8682531393933361,0.4793251621211469,0.47905002223192195,2.937481382508705,-4.416461606812025,0.421633747816998,0.5032284699056752,0.4467969227825832,0.4772159166465677,0.49693539545143156,0.5916709299054489,0.5783662521830021,0.4967715300943248,0.5532030772174166,0.5227840833534324,0.5030646045485685,0.4083290700945513,0.06164525456468032,0.02111066586358154,0.01745910864227019,0.04565824352803933,0.008368755867319813,0.022962753352116626
available,surrogate_unweighted,10,374,1.7357668572092013,1.734219672172609,1.7991917897370617,0.4531403703610087,0.45228054462710443,2.7739448108830933,-4.753845227581927,0.41375395906608675,0.4843996715745988,0.4035735325853678,0.44501269752483563,0.48640282372110655,0.5408021264110975,0.5862460409339133,0.515600328425401,0.5964264674146322,0.5549873024751646,0.5135971762788933,0.4591978735889026,0.008024441531021368,0.018746631272127338,0.04341232427301187,0.03177359736640999,0.010192791472411906,0.051595765219680324
available,surrogate_unweighted,11,361,1.667140940978186,1.644721643166458,1.729456938157783,0.4288578360021873,0.42754556139895356,2.621716668375011,-5.084373312452864,0.4052270681037956,0.45537903670687724,0.38160941599541215,0.40801475066915927,0.4658634862934591,0.5056229106063076,0.594772931896204,0.5446209632931227,0.6183905840045878,0.5919852493308403,0.534136513706541,0.49437708939369246,0.008630057046215958,0.028790005844448404,0.022204569104914144,0.03690350881937506,0.020261217531873432,0.03565078174988193
available,surrogate_unweighted,12,348,1.621865093561587,1.5964188206394403,1.681358908678594,0.40739394965772097,0.406086791489742,2.487506858532364,-5.39292108110411,0.39079491151615914,0.4239829032067492,0.37427834357191947,0.38294673713814825,0.45486698646371704,0.4606369766356705,0.6092050884838408,0.5760170967932511,0.6257216564280799,0.6170532628618516,0.545133013536283,0.5393630233643293,0.015188584863318103,0.030817468492339302,0.00774571295237256,0.02479061417393526,0.011772164616594229,0.04519565691182724
available,surrogate_unweighted,13,342,1.5958800615206272,1.547024819928628,1.6548597353758268,0.38873017104603225,0.38738253130042394,2.3735956758021994,-5.674655035885364,0.3773380300422188,0.4064502126942232,0.3566431010724671,0.36427528921901786,0.44109427816528585,0.4277947646089866,0.622661969957782,0.5935497873057773,0.643356898927533,0.6357247107809821,0.5589057218347142,0.5722052353910135,0.013682811967740202,0.01701457526899361,0.017511657272206632,0.018789028562569223,0.013725689217693455,0.0322389600846952
available,surrogate_unweighted,14,333,1.5449970799310697,1.5201059428045738,1.6052833958300854,0.3709064601981474,0.3696704735573219,2.2654897577218733,-5.956368790693702,0.36649149732208053,0.38955718502884856,0.3360404121296974,0.34511171855100087,0.4280335194954772,0.40025542519476837,0.6335085026779195,0.6104428149711512,0.663959587870303,0.6548882814489998,0.5719664805045221,0.5997445748052316,0.010854686643863255,0.0163298211716264,0.020954754363131375,0.01912783679924136,0.013217959954092163,0.02689075845779107
available,surrogate_unweighted,15,326,1.5042953407364417,1.4598269402082544,1.5653090754445407,0.35489009701744173,0.35381409699871624,2.168302781303194,-6.2213381169880915,0.34938076648348826,0.37193423863404496,0.320399997804708,0.32906951111827176,0.419142558219353,0.37837570904332823,0.6506192335165113,0.6280657613659548,0.6796000021952927,0.6709304888817281,0.580857441780647,0.6216242909566718,0.01718261167792532,0.017288427879087225,0.015366404265287119,0.015801205340987244,0.00916896069987274,0.021378492319237663
available,surrogate_unweighted,16,320,1.4687430060997182,1.4418529032492682,1.528627315229319,0.3405120465308642,0.3384793962890566,2.0815193833422834,-6.469590690106708,0.336415494577014,0.3542268134463878,0.30845946415702885,0.3133323004439018,0.41176183205214756,0.3573234786658034,0.663584505422986,0.645773186553612,0.691540535842971,0.6866676995560983,0.5882381679478522,0.6426765213341967,0.01311332989365514,0.01706483172933935,0.012104389429489335,0.015586609299412107,0.007457670779779139,0.021087812986505392
available,surrogate_unweighted,17,311,1.4423759030977117,1.4215585959807824,1.5010710203261803,0.32723519668811274,0.3261564798366185,2.001820136840306,-6.708312066859037,0.3244061413592841,0.33742824736914023,0.29841886844065985,0.300025099201238,0.401875904200986,0.339665876268998,0.6755938586407161,0.6625717526308599,0.7015811315593403,0.699974900798762,0.5981240957990147,0.6603341237310021,0.012270956970091673,0.016647121513770038,0.010270797557335688,0.013360407687435254,0.010457586605861498,0.017557918018522856
available,surrogate_unweighted,18,300,1.4122916639916847,1.3941944704074325,1.4659372520306222,0.31507967762815237,0.3145258124264344,1.9286982468031852,-6.935770392711764,0.3108572254332287,0.3259742698466423,0.2887940174323183,0.2871630455600289,0.3891178701303966,0.32679181840057053,0.6891427745667712,0.6740257301533572,0.7112059825676821,0.7128369544399709,0.6108821298696031,0.6732081815994294,0.013608981696260515,0.011390246623466285,0.009877534785093829,0.013181950107580194,0.012858833347674733,0.013106747432123693
available,surrogate_unweighted,19,298,1.3798991011784265,1.3449453179498807,1.4331162401441688,0.3035601162784939,0.3031130420020651,1.8595673981263716,-7.159252286272143,0.29849151672103014,0.31611441952101105,0.2779467138198875,0.2745071688671103,0.3774761918004594,0.3150313873968728,0.7015084832789694,0.6838855804789888,0.7220532861801124,0.7254928311328898,0.6225238081995409,0.6849686126031271,0.012407275608137227,0.009814969297951516,0.010983697748067537,0.012712214998057974,0.011715352010203333,0.011597214905718684
available,surrogate_unweighted,20,295,1.3478672223201598,1.333658384596782,1.4018070894141634,0.29300764359470444,0.29245846168953793,1.7963708650194772,-7.371554785300016,0.28675210767170356,0.308767039174608,0.26693380127615834,0.26447676361496053,0.36712909045330466,0.3023120628287419,0.7132478923282961,0.6912329608253917,0.7330661987238418,0.7355232363850392,0.6328709095466951,0.6976879371712578,0.011730552448673342,0.007406498959851999,0.011005441772589516,0.010109771987487047,0.01031981733165729,0.012515922048701876
carried,surrogate_unweighted,0,500,2.7833272196448986,2.8496257706440167,2.834894859623717,1.0,1.0,6.0,0.0,1.0,1.0,1.0,1.0,1.0,1.0,0.0,0.0,0.0,0.0,0.0,0.0,0.0,0.0,0.0,0.0,0.0,0.0
carried,surrogate_unweighted,1,500,2.6769279887755464,2.699123604747267,2.7284926327810486,0.9121404849259782,0.9243260511010195,5.578087085897934,-0.5525229589269819,0.9839442531126984,0.8846505498992547,0.7449802778183094,0.9792700676147841,0.9908777390975868,0.9943641983553082,0.016055746887304077,0.11534945010074632,0.25501972218169267,0.020729932385216445,0.009122260902406797,0.005635801644699452,0.016055746887304077,0.11534945010074632,0.25501972218169267,0.020729932385216445,0.009122260902406797,0.005635801644699452
carried,surrogate_unweighted,2,500,2.5547406927049496,2.5851730223423193,2.6142607322605906,0.8303630694807138,0.8280976895688237,5.149023137862032,-1.116626651546072,0.6715157093764051,0.8003656710914094,0.73853221183447,0.9692444290518459,0.9831807094872952,0.9861844070206012,0.3284842906235949,0.19963432890858884,0.2614677881655285,0.030755570948151047,0.016819290512701694,0.013815592979401952,0.31242854373629125,0.08428487880784315,0.006448065983835512,0.01002563856293469,0.007697029610294888,0.008179791334702617
carried,surrogate_unweighted,3,500,2.438952277271591,2.484761422800441,2.5014784146128606,0.75666026412976,0.7628780545066315,4.726949166564833,-1.674875709969646,0.6008196223775232,0.7713602486026919,0.7297494215959187,0.9637795238628183,0.8691177866945569,0.7921225634313285,0.3991803776224772,0.22863975139730788,0.2702505784040807,0.03622047613718158,0.13088221330544583,0.20787743656867347,0.07069608699888177,0.029005422488718513,0.008782790238552392,0.005464905189030464,0.1140629227927439,0.19406184358927123
carried,surrogate_unweighted,4,500,2.322567118687046,2.300092585147928,2.3882689932031944,0.6965322499617164,0.6899591123055739,4.353342360493897,-2.174411995472579,0.6005982252254908,0.7712198203970243,0.6698366575769996,0.6706708082098173,0.8549772046412671,0.7860396444432977,0.39940177477450906,0.22878017960297545,0.3301633424229994,0.32932919179018266,0.1450227953587328,0.21396035555670379,0.00022139715203167354,0.00014042820566758095,0.059912764018918964,0.29310871565300084,0.014140582053287052,0.006082918988030025
carried,surrogate_unweighted,5,500,2.201193291830006,2.188635657906705,2.2651208583559352,0.6430788730287925,0.6377472909784652,3.999202999687727,-2.659989880669596,0.5959232220733359,0.5477730912239069,0.6527548254293699,0.6480506451200705,0.8466008140048057,0.708100401836237,0.404076777926664,0.4522269087760927,0.3472451745706299,0.351949354879929,0.15339918599519412,0.2918995981637631,0.004675003152154728,0.22344672917311764,0.017081832147630063,0.022620163089746854,0.008376390636461315,0.07793924260705949
carried,surrogate_unweighted,6,500,2.0865182872936385,2.1229000684030273,2.1532757434194614,0.5995938358739392,0.5849988593325454,3.7066046820626726,-3.089333180672821,0.5897605666603165,0.5475835673095044,0.5603089807714783,0.6471836909252142,0.707243275538523,0.6545246008576359,0.4102394333396837,0.4524164326904953,0.43969101922852194,0.35281630907478584,0.2927567244614766,0.3454753991423644,0.006162655413019756,0.00018952391440276096,0.09244584465789137,0.0008669541948568229,0.13935753846628227,0.053575800978601464
carried,surrogate_unweighted,7,500,1.9968900176715483,2.0239841402340106,2.0647739733546797,0.5659358531324763,0.548350107153903,3.480645944029632,-3.44767413457245,0.5152157044009356,0.5473091990755786,0.545531339461834,0.5944846509132939,0.6425677797682676,0.635537270409722,0.4847842955990645,0.45269080092442127,0.4544686605381659,0.40551534908670517,0.3574322202317328,0.36446272959027814,0.07454486225938052,0.00027436823392598165,0.014777641309644575,0.052699040011919863,0.06467549577025608,0.018987330447913897
carried,surrogate_unweighted,8,500,1.9391983360650398,1.941527746962679,2.011145998695686,0.5376361696196702,0.5131517943671918,3.305876214398907,-3.771039243243548,0.5052675651097482,0.5453691340035377,0.495362123903568,0.5705868405701933,0.5573415878257456,0.631948962986112,0.49473243489025165,0.45463086599646224,0.5046378760964321,0.42941315942980623,0.4426584121742543,0.3680510370138877,0.009948139291187137,0.0019400650720406696,0.05016921555826588,0.023897810343100075,0.08522619194252185,0.0035883074236093613
carried,surrogate_unweighted,9,500,1.8857614212827538,1.8776307394989435,1.960065533725192,0.5151423894266223,0.4844414493194811,3.1673020750172247,-4.044709359806149,0.4570609760401689,0.5288605932982168,0.48170910094531305,0.5348820941312664,0.5507972207375013,0.6139920898647574,0.5429390239598313,0.4711394067017831,0.5182908990546867,0.46511790586873325,0.44920277926249846,0.3860079101352429,0.04820658906958001,0.016508540705320766,0.013653022958255288,0.03570474643892675,0.006544367088244094,0.017956873121355202
carried,surrogate_unweighted,10,500,1.8330050021533693,1.7968381211757283,1.9105779279172703,0.4955154031613626,0.46060934979315477,3.044820402768497,-4.297554322800617,0.4510586937749649,0.5148381131066664,0.44923668238909986,0.5111154433011925,0.5431730127161376,0.5753984574804363,0.5489413062250355,0.48516188689333384,0.5507633176109002,0.4888845566988075,0.45682698728386256,0.4246015425195637,0.006002282265203982,0.014022480191551247,0.03247241855621288,0.023766650830074672,0.007624208021364106,0.03859363238432088
carried,surrogate_unweighted,11,500,1.7883426296360896,1.744833852646972,1.8691294535599408,0.47796123333129154,0.43669343977552966,2.934758621618673,-4.536587827622293,0.4448277925875976,0.49405172888697424,0.43320498349535197,0.48447110993360387,0.5285444136581249,0.5496585930570209,0.5551722074124029,0.5059482711130258,0.5667950165046484,0.5155288900663962,0.4714555863418753,0.4503414069429788,0.006230901187367921,0.02078638421969175,0.01603169889374801,0.026644333367588792,0.014628599058012618,0.025739864423414752
carried,surrogate_unweighted,12,500,1.7550869466159322,1.689657531375467,1.8366690583737724,0.4628608733326705,0.4163519962389276,2.8404435210194436,-4.7536015632631194,0.43425653752272736,0.472602770816306,0.4278139672805008,0.46721684246854506,0.5203509870849751,0.5182024158463894,0.5657434624772728,0.5273972291836941,0.5721860327194997,0.5327831575314552,0.47964901291502504,0.4817975841536104,0.0105712550648694,0.021448958070668156,0.005391016214851302,0.01725426746505894,0.008193426573149584,0.03145617721063176
carried,surrogate_unweighted,13,500,1.7368930310935373,1.6790566351070848,1.8194809459972356,0.4501949073325324,0.3986687338189733,2.7631770189156977,-4.944814309539716,0.42489749413679295,0.4609648013323142,0.4158359937063109,0.4543651469317473,0.5109626156600728,0.49615096714845786,0.5751025058632072,0.5390351986676859,0.5841640062936895,0.5456348530682525,0.4890373843399273,0.5038490328515421,0.009359043385934298,0.01163796948399163,0.011977973574189336,0.01285169553679735,0.009388371424902323,0.022051448697931516
carried,surrogate_unweighted,14,500,1.7023147339167493,1.6396048234694167,1.7887902653776824,0.4383920778571138,0.38194852879603614,2.6916647245341263,-5.131341124349259,0.41766827283198016,0.4500891404320114,0.40188012730046563,0.44162600762345233,0.5021594543306473,0.47824172201556925,0.5823317271680204,0.5499108595679889,0.5981198726995349,0.5583739923765481,0.4978405456693526,0.5217582779844308,0.007229221304812928,0.010875660900303181,0.013955866405845497,0.012739139308294746,0.008803161329425381,0.017909245132888853
carried,surrogate_unweighted,15,500,1.6769759503942372,1.6096140349914623,1.765949363463947,0.4280629589437166,0.36587965809394524,2.6289513859112037,-5.302241357405608,0.40646521001797303,0.43881708545484627,0.3918612317194982,0.43132362174112915,0.49618129195433,0.4643029450234263,0.5935347899820278,0.5611829145451535,0.6081387682805015,0.568676378258871,0.5038187080456699,0.5356970549765739,0.01120306281400731,0.01127205497716487,0.010018895580967201,0.010302385882323684,0.0059781623763170266,0.013938776992142956
carried,surrogate_unweighted,16,500,1.6544786956230888,1.572795076750963,1.7454882111652947,0.4188908592514188,0.3532408775684229,2.5736460136755683,-5.460636451168657,0.39807267888603365,0.4278955931480692,0.3841144224846255,0.42134819178950517,0.4914083826552719,0.45080674471206295,0.6019273211139665,0.5721044068519312,0.615885577515375,0.5786518082104946,0.5085916173447281,0.5491932552879376,0.00839253113193929,0.010921492306777183,0.007746809234873174,0.00997542995162375,0.004772909299058649,0.01349620031136345
carried,surrogate_unweighted,17,500,1.6398063841909196,1.5538967071489962,1.7321828565386925,0.4105395953823092,0.3388418812547125,2.5235347153199914,-5.6107458850901715,0.3904401436506367,0.4175410835665038,0.37772598640396254,0.41303801820792063,0.48490376378642536,0.4398857197045416,0.6095598563493638,0.5824589164334963,0.622274013596038,0.5869619817920796,0.5150962362135746,0.5601142802954591,0.007632535235397021,0.010354509581564964,0.0063884360806627976,0.008310173581584727,0.006504618868845852,0.010921025007521215
carried,surrogate_unweighted,18,500,1.6289872134145944,1.5515105099425504,1.7207081073339854,0.4031497601709182,0.3274436207212227,2.479120138924672,-5.749014905047578,0.3822747546328804,0.4107069355924243,0.3717994655329063,0.4051288481433725,0.47718846377782104,0.43202167124526764,0.6177252453671198,0.5892930644075758,0.6282005344670948,0.5948711518566279,0.5228115362221789,0.5679783287547329,0.008165389017756309,0.006834147974079771,0.005926520871056298,0.007909170064548117,0.0077153000086048395,0.007864048459274216
carried,surrogate_unweighted,19,500,1.6101997950472382,1.521913579142399,1.7044193470785616,0.39627497606338746,0.3154945931846804,2.437858627082063,-5.882402439154754,0.37488001837043067,0.4048572138908451,0.36525318167505844,0.3975523680045299,0.47020611397973944,0.4251097311614593,0.62511998162957,0.5951427861091554,0.6347468183249425,0.6024476319954697,0.5297938860202607,0.5748902688385409,0.0073947362624497874,0.005849721701579103,0.006546283857848252,0.007576480138842553,0.006982349798081186,0.006911940083808335
carried,surrogate_unweighted,20,500,1.5912553407275722,1.5057626431423654,1.6889113461583956,0.39006077184972787,0.3061010175729867,2.4006367043981753,-6.0074063764937,0.3679589924257131,0.4004873795045325,0.35875997102923035,0.3915876025319126,0.46411742175406195,0.41772533715272514,0.6320410075742868,0.599512620495468,0.64124002897077,0.6084123974680874,0.5358825782459377,0.5822746628472751,0.006921025944717271,0.004369834386312679,0.006493210645827815,0.005964765472617358,0.006088692225677802,0.007384394008734107
available,surrogate_weighted,0,500,2.7833272196448986,2.8496257706440167,2.834894859623717,1.0,1.0,6.0,0.0,1.0,1.0,1.0,1.0,1.0,1.0,0.0,0.0,0.0,0.0,0.0,0.0,0.0,0.0,0.0,0.0,0.0,0.0
available,surrogate_weighted,1,500,2.670968564445058,2.7219483409820127,2.7255921026653604,0.911748768177502,0.9243260511010195,5.576618126680347,-0.5551055063121917,0.9838883523886452,0.8842489418130701,0.7440923847032992,0.9791978929449904,0.9908459784455899,0.9943445763847604,0.016111647611356444,0.11575105818693093,0.2559076152967031,0.020802107055010628,0.009154021554403783,0.005655423615247787,0.016111647611356444,0.11575105818693093,0.2559076152967031,0.020802107055010628,0.009154021554403783,0.005655423615247787
available,surrogate_weighted,2,500,2.534497182717475,2.567810448359368,2.5965928287597184,0.8298107497228812,0.8280976895688237,5.146626440866059,-1.1208224215306846,0.6707841934449456,0.7997819176177593,0.737630335975396,0.9691505909757282,0.983132297666582,0.9861471051856439,0.329215806555055,0.20021808238223912,0.262369664024603,0.030849409024268006,0.016867702333415863,0.013852894814359322,0.31310415894369936,0.08446702419530908,0.006462048727899375,0.010047301969257478,0.007713680779012074,0.00819747119911165
available,surrogate_weighted,3,500,2.4249419390284177,2.464182308785621,2.487824104386473,0.7566719601149913,0.7628780545066315,4.726822833531907,-1.67504648833249,0.6005184686952765,0.7709447124281572,0.728870555819554,0.9637121813117999,0.8696542296763405,0.7931226856007844,0.399481531304724,0.22905528757184296,0.27112944418044543,0.03628781868820124,0.13034577032366107,0.20687731439921722,0.07026572474966833,0.02883720518960305,0.008759780155842828,0.005438409663933177,0.11347806799024501,0.193024419584858
available,surrogate_weighted,4,500,2.290475024188687,2.307759867108155,2.355903508757172,0.690075672535732,0.689521266636607,4.315138192686094,-2.2283634381163666,0.5937427976120969,0.7663779814637729,0.6985408883483224,0.8340039415606965,0.7619995146230487,0.6604730690781551,0.4062572023879029,0.23362201853622686,0.3014591116516769,0.1659960584393023,0.23800048537695132,0.33952693092184494,0.006775671083178899,0.004566730964383959,0.03032966747123122,0.12970823975110113,0.10765471505329043,0.13264961652262772
available,surrogate_weighted,5,500,2.169782552613424,2.1835787702089524,2.2355543342758573,0.6337927689114479,0.637276313041884,3.953806363230132,-2.739436709460535,0.5904717878633458,0.5294837013206237,0.677690077853049,0.8116046097536969,0.7419496295915364,0.6026065568478783,0.4095282121366543,0.47051629867937633,0.3223099221469499,0.18839539024630234,0.2580503704084639,0.39739344315212166,0.0032710097487512776,0.23689428014314948,0.020850810495272914,0.022399331807000145,0.020049885031511824,0.057866512230276695
available,surrogate_weighted,6,500,2.0573542045411006,2.050125969943053,2.1183336929712477,0.5854518184802641,0.5855223975473314,3.633860159418412,-3.215855669547164,0.5853455016414852,0.5126392693161878,0.5845459386961716,0.6683169436358586,0.7401268038798574,0.542885702248851,0.4146544983585146,0.4873607306838123,0.4154540613038287,0.3316830563641412,0.25987319612014265,0.45711429775114887,0.0051262862218603815,0.01684443200443581,0.09314413915687857,0.14328766611783872,0.0018228257116792337,0.059720854599027415
available,surrogate_weighted,7,500,1.9577995381504685,1.9488818014397158,2.019654803901137,0.5450015069450695,0.5461782436274305,3.3687566495181853,-3.6458630464210473,0.5615141334454224,0.5110272644595794,0.4867787349946328,0.5919382478645963,0.7017128246173936,0.5157854441365618,0.43848586655457766,0.48897273554042064,0.5132212650053671,0.4080617521354041,0.2982871753826067,0.4842145558634382,0.023831368196063466,0.001612004856608527,0.09776720370153813,0.07637869577126254,0.038413979262463774,0.02710025811228956
available,surrogate_weighted,8,457,1.8423227005760252,1.8413379063920978,1.908078821891674,0.5077188723954386,0.5071462153588794,3.114809462727934,-4.071397679677371,0.49088041423237405,0.5088227814820474,0.46610858717872933,0.5237500356915454,0.617169198375044,0.5080784457681958,0.5091195857676261,0.4911772185179526,0.5338914128212707,0.47624996430845457,0.38283080162495636,0.49192155423180406,0.07111436837278634,0.0019136052599972428,0.020991578150301185,0.06762130243751735,0.08440537989519474,0.0072115733196644995
available,surrogate_weighted,9,452,1.76884835953997,1.7844249659730118,1.8307820013337137,0.4761155557920107,0.4757991511210836,2.906600636585702,-4.457325975347817,0.4602477404926711,0.5067851668955334,0.42895953526071,0.4925057644902867,0.5119469019955302,0.5061555274509718,0.5397522595073291,0.49321483310446645,0.5710404647392898,0.5074942355097133,0.48805309800446994,0.49384447254902825,0.030111023212921275,0.0019341923157538854,0.037505848021711696,0.030818865841630936,0.10574124611044004,0.0018728781738087336
available,surrogate_weighted,10,451,1.7161922087454204,1.732320972761139,1.7767152239162023,0.4504351370536074,0.44971779625144004,2.749621733985183,-4.790263604351513,0.43581637283981306,0.4681811447350209,0.42621580971584616,0.4558261173830787,0.4830873729768481,0.4804949163345771,0.564183627160187,0.5318188552649794,0.5737841902841537,0.5441738826169211,0.5169126270231518,0.519505083665423,0.024314657286905534,0.03866091035330645,0.0027469890696584674,0.03668014250000692,0.02887580981719098,0.025735933457784407
available,surrogate_weighted,11,451,1.6605143105150644,1.6725680762404989,1.719676538969409,0.42657189392180783,0.42593777196869526,2.6021410704521464,-5.116968627185366,0.40307381205495474,0.431520380831812,0.41892486777461607,0.4263971763924357,0.4596287079629045,0.4625961254354227,0.596926187945045,0.568479619168188,0.5810751322253838,0.5736028236075642,0.5403712920370956,0.537403874564577,0.032742560784858016,0.03666076390320883,0.00729094194122996,0.029428940990642447,0.023458665013943558,0.017898790899154273
available,surrogate_weighted,12,451,1.6062518519453113,1.5961972391437702,1.6664307350600593,0.405460124448213,0.40496472767875624,2.4734394449476413,-5.421868105536386,0.39664301359301707,0.4242953256076714,0.37525050442748614,0.4196188744323023,0.41996344939642516,0.4376682774907398,0.603356986406983,0.5757046743923284,0.6247494955725136,0.5803811255676979,0.5800365506035746,0.5623317225092599,0.006430798461938019,0.007225055224140455,0.043674363347130436,0.006778301960133534,0.03966525856647927,0.024927847944682703
available,surrogate_weighted,13,450,1.5692148466458677,1.562155776569112,1.6270305107257885,0.3863836087769812,0.3852330757600764,2.358712046757934,-5.711372521503393,0.38834165885825456,0.4151964269212035,0.3333262777632733,0.4092695174393739,0.4015190097401927,0.4110591560356364,0.6116583411417453,0.5848035730787966,0.6666737222367265,0.5907304825606257,0.5984809902598074,0.5889408439643635,0.008359231172684825,0.009095751709584252,0.04200709963456447,0.01035195946887138,0.018515937893915604,0.026673414607882622
available,surrogate_weighted,14,450,1.5343552216023377,1.5091863177901188,1.5924083533385733,0.3690001743225267,0.36827701198328733,2.2531524827903,-5.987871534969373,0.3764829106046209,0.394518909133553,0.31568146798007124,0.38248118336728915,0.38635010820294785,0.3976379035018175,0.6235170893953793,0.6054810908664467,0.6843185320199286,0.6175188166327108,0.6136498917970518,0.6023620964981824,0.01185874825363361,0.020677517787650344,0.017644809783201775,0.02678833407208508,0.015168901537244681,0.013421252533818878
available,surrogate_weighted,15,446,1.5000057605968309,1.4776024063670938,1.5573830240516633,0.35271371719194744,0.3523567500094745,2.1535367683244657,-6.258905003497612,0.35468038527047746,0.3699201119280581,0.3120059885554328,0.35064546199831786,0.3786846132848197,0.3876002072873599,0.6453196147295223,0.6300798880719416,0.687994011444567,0.6493545380016817,0.6213153867151796,0.6123997927126403,0.02190315695020639,0.024555908304142126,0.003694624608373393,0.03196455367559757,0.007844959349209188,0.010187433086811772
available,surrogate_weighted,16,436,1.456720721360553,1.4203655428050055,1.514706606887424,0.3382783873985657,0.3374539619851753,2.0646183010442627,-6.509881587964319,0.325404629211959,0.34835803901181117,0.30748453232982215,0.3361235204018543,0.37681246605199636,0.3704351140368188,0.6745953707880404,0.6516419609881887,0.6925154676701781,0.6638764795981457,0.6231875339480035,0.629564885963181,0.0293086054995455,0.021297029364399048,0.00465081655422152,0.014747484337192043,0.0019486702391548663,0.017030975500893733
available,surrogate_weighted,17,412,1.422577135350884,1.402368417790007,1.480676229258822,0.3254959963898084,0.32453624860694746,1.986796035563954,-6.7415467925893395,0.30747878023557285,0.32958980187365594,0.3012141423251945,0.3257723573249917,0.3744282077267804,0.34831274607775875,0.6925212197644276,0.6704101981263447,0.6987858576748056,0.674227642675008,0.6255717922732197,0.6516872539222417,0.018743269914591392,0.01821867648846558,0.0064531457206876775,0.01045136670472813,0.002562229197896402,0.02190167072969463
available,surrogate_weighted,18,394,1.390089101976379,1.3768687345197748,1.4485242907992195,0.3136468271701841,0.3125816670377676,1.9163230368307722,-6.964285397485165,0.2970508119720981,0.3183209304794442,0.2909163243769996,0.31694494295386433,0.37097375492828544,0.32211627212008076,0.702949188027902,0.6816790695205556,0.7090836756230006,0.6830550570461358,0.629026245071714,0.6778837278799185,0.011043828025506295,0.010920696801758983,0.010374800501334061,0.009096224689189246,0.003965398721824686,0.026107089364160625
available,surrogate_weighted,19,378,1.3659708065642364,1.3669423479498173,1.4220030967711785,0.3026508253737015,0.3008490160661409,1.8511743658883815,-7.178472985639734,0.286260461315327,0.31174219106494483,0.2802829527157219,0.30769916083795606,0.3627674000642632,0.30242219989016783,0.713739538684673,0.6882578089350556,0.7197170472842781,0.6923008391620442,0.6372325999357366,0.6975778001098327,0.01121900522702618,0.0064041001958740525,0.010732858689052032,0.009545582370747931,0.008459921693188951,0.019898491998929874
available,surrogate_weighted,20,361,1.3317712879879606,1.324995099993071,1.386537305426588,0.2920311187906174,0.2904461988104789,1.7874629364143453,-7.392920094014232,0.2772303412550114,0.30441820210781373,0.270725273968201,0.29447880771935026,0.3515096347133319,0.28910067665063655,0.7227696587449891,0.6955817978921857,0.7292747260317993,0.7055211922806497,0.6484903652866683,0.7108993233493635,0.009274230132074809,0.007611282405180737,0.009781805438912699,0.013360393053815292,0.011437607718902752,0.01367682280624871
carried,surrogate_weighted,0,500,2.7833272196448986,2.8496257706440167,2.834894859623717,1.0,1.0,6.0,0.0,1.0,1.0,1.0,1.0,1.0,1.0,0.0,0.0,0.0,0.0,0.0,0.0,0.0,0.0,0.0,0.0,0.0,0.0
carried,surrogate_weighted,1,500,2.670968564445058,2.7219483409820127,2.7255921026653604,0.911748768177502,0.9243260511010195,5.576618126680347,-0.5551055063121917,0.9838883523886452,0.8842489418130701,0.7440923847032992,0.9791978929449904,0.9908459784455899,0.9943445763847604,0.016111647611356444,0.11575105818693093,0.2559076152967031,0.020802107055010628,0.009154021554403783,0.005655423615247787,0.016111647611356444,0.11575105818693093,0.2559076152967031,0.020802107055010628,0.009154021554403783,0.005655423615247787
carried,surrogate_weighted,2,500,2.534497182717475,2.567810448359368,2.5965928287597184,0.8298107497228812,0.8280976895688237,5.146626440866059,-1.1208224215306846,0.6707841934449456,0.7997819176177593,0.737630335975396,0.9691505909757282,0.983132297666582,0.9861471051856439,0.329215806555055,0.20021808238223912,0.262369664024603,0.030849409024268006,0.016867702333415863,0.013852894814359322,0.31310415894369936,0.08446702419530908,0.006462048727899375,0.010047301969257478,0.007713680779012074,0.00819747119911165
carried,surrogate_weighted,3,500,2.4249419390284177,2.464182308785621,2.487824104386473,0.7566719601149913,0.7628780545066315,4.726822833531907,-1.67504648833249,0.6005184686952765,0.7709447124281572,0.728870555819554,0.9637121813117999,0.8696542296763405,0.7931226856007844,0.399481531304724,0.22905528757184296,0.27112944418044543,0.03628781868820124,0.13034577032366107,0.20687731439921722,0.07026572474966833,0.02883720518960305,0.008759780155842828,0.005438409663933177,0.11347806799024501,0.193024419584858
carried,surrogate_weighted,4,500,2.290475024188687,2.307759867108155,2.355903508757172,0.690075672535732,0.689521266636607,4.315138192686094,-2.2283634381163666,0.5937427976120969,0.7663779814637729,0.6985408883483224,0.8340039415606965,0.7619995146230487,0.6604730690781551,0.4062572023879029,0.23362201853622686,0.3014591116516769,0.1659960584393023,0.23800048537695132,0.33952693092184494,0.006775671083178899,0.004566730964383959,0.03032966747123122,0.12970823975110113,0.10765471505329043,0.13264961652262772
carried,surrogate_weighted,5,500,2.169782552613424,2.1835787702089524,2.2355543342758573,0.6337927689114479,0.637276313041884,3.953806363230132,-2.739436709460535,0.5904717878633458,0.5294837013206237,0.677690077853049,0.8116046097536969,0.7419496295915364,0.6026065568478783,0.4095282121366543,0.47051629867937633,0.3223099221469499,0.18839539024630234,0.2580503704084639,0.39739344315212166,0.0032710097487512776,0.23689428014314948,0.020850810495272914,0.022399331807000145,0.020049885031511824,0.057866512230276695
carried,surrogate_weighted,6,500,2.0573542045411006,2.050125969943053,2.1183336929712477,0.5854518184802641,0.5855223975473314,3.633860159418412,-3.215855669547164,0.5853455016414852,0.5126392693161878,0.5845459386961716,0.6683169436358586,0.7401268038798574,0.542885702248851,0.4146544983585146,0.4873607306838123,0.4154540613038287,0.3316830563641412,0.25987319612014265,0.45711429775114887,0.0051262862218603815,0.01684443200443581,0.09314413915687857,0.14328766611783872,0.0018228257116792337,0.059720854599027415
carried,surrogate_weighted,7,500,1.9577995381504685,1.9488818014397158,2.019654803901137,0.5450015069450695,0.5461782436274305,3.3687566495181853,-3.6458630464210473,0.5615141334454224,0.5110272644595794,0.4867787349946328,0.5919382478645963,0.7017128246173936,0.5157854441365618,0.43848586655457766,0.48897273554042064,0.5132212650053671,0.4080617521354041,0.2982871753826067,0.4842145558634382,0.023831368196063466,0.001612004856608527,0.09776720370153813,0.07637869577126254,0.038413979262463774,0.02710025811228956
carried,surrogate_weighted,8,500,1.8614112343510705,1.8563725316778519,1.92470734031501,0.5110245554639148,0.5085651887194917,3.137279013522174,-4.03377826429959,0.4965156007526954,0.509278229251942,0.4675924325652583,0.5301323774367059,0.6245663073931852,0.5091940661223885,0.5034843992473047,0.490721770748058,0.5324075674347419,0.4698676225632939,0.37543369260681486,0.4908059338776116,0.06499853269272671,0.00174903520763748,0.01918630242937528,0.061805870427890854,0.077146517224208,0.006591378014173353
carried,surrogate_weighted,9,500,1.7973940430665083,1.8062232876140647,1.8577070298270049,0.4824531926770314,0.47789706495675427,2.9492614289988293,-4.382654444342158,0.46929523576821486,0.5075297193985001,0.43368714595363095,0.5022721227158709,0.5289762209093476,0.5075009842532653,0.5307047642317851,0.49247028060149994,0.5663128540463688,0.4977278772841292,0.47102377909065196,0.4924990157467348,0.02722036498448083,0.0017485098534415124,0.033905286611627374,0.027860254720834365,0.0955900864838378,0.001693081869123095
carried,surrogate_weighted,10,500,1.751436772370275,1.7771971601566172,1.8114427664705142,0.4592749135087727,0.4514745302586731,2.807634401877492,-4.683139334957982,0.447363414895426,0.47265757825981786,0.4312093618127989,0.46918663418086526,0.5029302404542414,0.48428717227434326,0.5526365851045736,0.527342421740182,0.5687906381872014,0.5308133658191354,0.4970697595457586,0.5157128277256567,0.02193182087278879,0.03487214113868242,0.0024777841408319375,0.033085488535006244,0.026045980455106265,0.023213811978921535
carried,surrogate_weighted,11,500,1.701215308166494,1.7357065358642076,1.7610904030257808,0.4377502682038896,0.42890745222660476,2.674606843370692,-4.977827265554119,0.417829625067484,0.43958956921912334,0.4246329321818091,0.4426417294073051,0.48177052461166403,0.46814246288330635,0.5821703749325163,0.5604104307808766,0.5753670678181906,0.5573582705926947,0.5182294753883357,0.5318575371166935,0.02953378982794193,0.033068009040694374,0.006576429630989424,0.02654490477355949,0.02115971584257709,0.016144709391037154
carried,surrogate_weighted,12,500,1.6522705705365766,1.655764746069328,1.7142964773006892,0.418707452138707,0.40764660960965327,2.5585179771656295,-5.252846595026738,0.41202904485481623,0.43307256940694866,0.385238656442698,0.43652770103926486,0.4459924613846999,0.44565754403720226,0.5879709551451842,0.5669274305930505,0.614761343557302,0.5634722989607358,0.5540075386153,0.5543424559627972,0.005800580212668093,0.00651699981217469,0.03939427573911165,0.006114028368040448,0.0357780632269643,0.022484918846103798
carried,surrogate_weighted,13,500,1.6177629044002415,1.6076617992638815,1.6788533708042892,0.4014949825876415,0.38845840567278,2.4550149221268764,-5.514052896901204,0.40450573679939983,0.4248863928683233,0.3474322667715897,0.4272109375172803,0.429328117280176,0.4216514708901081,0.5954942632006004,0.575113607131677,0.6525677332284097,0.5727890624827193,0.5706718827198245,0.5783485291098917,0.007523308055416342,0.008186176538625826,0.03780638967110802,0.009316763521984243,0.016664344104524043,0.02400607314709436
carried,surrogate_weighted,14,500,1.5863892418610646,1.5756574179500467,1.6487058905443948,0.3858498915786325,0.37131742306647664,2.3600113145560058,-5.762902009020587,0.3938328633711291,0.4062766268594379,0.3315519379667078,0.4031014368524041,0.41567610589665566,0.40957234360967093,0.6061671366288708,0.593723373140562,0.668448062033292,0.5968985631475959,0.5843238941033444,0.5904276563903286,0.010672873428270249,0.01860976600888531,0.015880328804881598,0.024109500664876573,0.013652011383520212,0.01207912728043699
carried,surrogate_weighted,15,500,1.5524029026856097,1.5328816863654708,1.6156724391913029,0.3712417585597813,0.35475713717807056,2.270676947266894,-6.005958526614826,0.37429524737154507,0.38437275665214304,0.328256332816039,0.37458905497377115,0.4086784021571613,0.40048515329623496,0.6257047526284547,0.615627243347857,0.6717436671839608,0.6254109450262285,0.5913215978428386,0.599514846703765,0.019537615999584097,0.021903870207294777,0.0032956051506690667,0.028512381878633034,0.006997703739494595,0.009087190313436102
carried,surrogate_weighted,16,500,1.5138169632160443,1.53021349392851,1.5787921875254627,0.35864314633844446,0.3395034957365618,2.1930832642028997,-6.224981036097797,0.3487381433759413,0.3658017470463872,0.3242008207807579,0.3617292486317395,0.4069791617086181,0.3856341426594555,0.6512618566240591,0.6341982529536125,0.6757991792192427,0.6382707513682607,0.5930208382913821,0.614365857340544,0.025557103995603677,0.01857100960575597,0.004055512035281165,0.012859806342031462,0.0016992404485430435,0.014851010636779334
carried,surrogate_weighted,17,500,1.486510281184108,1.465449750028069,1.5533540310050091,0.34802768500743314,0.3277616807315815,2.1285390485879034,-6.417257644252238,0.3332936889663182,0.35078955761989133,0.3188834287069108,0.35311732246704347,0.4048678848495514,0.3675871659781871,0.6667063110336825,0.6492104423801086,0.6811165712930892,0.6468826775329557,0.5951321151504491,0.6324128340218128,0.015444454409623307,0.015012189426495638,0.0053173920738466465,0.00861192616469598,0.002111276859066635,0.018046976681268374
carried,surrogate_weighted,18,500,1.463662419928575,1.4474020551359743,1.5309078534371745,0.33854892713991813,0.3169941272504883,2.072190714562129,-6.595295249586034,0.32459115248221937,0.3421840485401054,0.31070808591186017,0.34594949741196257,0.40174315065675403,0.34701477955922877,0.6754088475177811,0.657815951459895,0.6892919140881407,0.6540505025880374,0.5982568493432466,0.6529852204407709,0.008702536484098961,0.008605509079786078,0.008175342795051239,0.007167825055081126,0.003124734192797853,0.020572386418958574
carried,surrogate_weighted,19,500,1.4482549607628585,1.4333689090893893,1.51456184891685,0.3300923786540218,0.3074481184913703,2.022098184669966,-6.759900260769049,0.31610958453058735,0.3373425487920244,0.30259404474293644,0.3387330371396774,0.39534744985670284,0.3319715196080377,0.6838904154694128,0.6626574512079751,0.6974059552570636,0.6612669628603228,0.604652550143297,0.6680284803919625,0.008481567951631791,0.004841499748080784,0.008114041168923336,0.007216460272285436,0.006395700800050847,0.015043259951190985
carried,surrogate_weighted,20,500,1.4258284782473178,1.430257565301675,1.4933751474935086,0.322250900457583,0.2979020728111393,1.9750655584671586,-6.918160047211698,0.30941359037522936,0.3318472028954841,0.2955315812160415,0.3290868333548224,0.3870894970836551,0.3220968535419263,0.690586409624771,0.6681527971045164,0.7044684187839592,0.6709131666451777,0.6129105029163449,0.6779031464580737,0.006695994155358011,0.005495345896540492,0.007062463526894968,0.009646203784854642,0.008257952773047788,0.009874666066111568
